0;582.117;582.117;7957
1;1116.4;-1797.99;14590
2;1116.4;-3982.28;25200
3;1116.4;-437.132;31832
4;1116.4;-2949.73;42442
5;1116.4;-759.126;50400
6;1116.4;-1436.43;57032
7;1116.4;-3173.98;64990
8;1116.4;-1387.35;76926
9;1116.4;-3382.79;86210
10;1116.4;-315.303;98146
11;1116.4;-688.023;106104
12;1116.4;-4903.64;114062
13;1116.4;-1273.77;123346
14;1116.4;-1641.2;131304
15;1116.4;-4781.07;137936
16;1116.4;-536.619;145894
17;1116.4;-1189.23;153852
18;1116.4;-3613.98;164462
19;1116.4;-6182.62;173746
20;1116.4;-4122.59;179052
21;1116.4;-6221.95;188336
22;1116.4;-1533.67;196294
23;1116.4;-3343.56;205578
24;1116.4;-930.472;213536
25;1116.4;-1018.35;220168
26;1116.4;500.502;228126
27;1116.4;119.574;233432
28;1116.4;-3738.16;240064
29;1116.4;-2559.5;248022
30;1116.4;-2605.8;257306
31;1116.4;-1714.23;266590
32;1116.4;633.851;273222
33;1116.4;136.581;279854
34;1116.4;-1713.45;289138
35;1116.4;-1927.7;297096
36;1116.4;-8546.77;310358
37;1116.4;-3674.78;316990
38;1116.4;-1684.34;327600
39;1116.4;-3242.61;334232
40;1116.4;-1905.64;343516
41;1116.4;-6791;350148
42;1116.4;-1978.87;355454
43;1116.4;-956.821;364738
44;1116.4;-6781.97;378000
45;1116.4;-4492.92;384632
46;1116.4;-815.39;393916
47;1116.4;-5587.57;400548
48;1116.4;-2445.93;408506
49;1116.4;-1320.12;416464
50;1116.4;-4824.29;424422
51;1116.4;-2089.25;432380
52;1116.4;-7521.05;439012
53;1116.4;-347.259;450948
54;1116.4;-6029.91;458906
55;1116.4;-1402.19;468190
56;1116.4;-417.496;476148
57;1116.4;-3173.89;486758
58;1116.4;-1596.96;498694
59;1116.4;-1494.75;509304
60;1116.4;-1659.31;515936
61;1116.4;-3960.14;521242
62;1116.4;-3772.12;530526
63;1116.4;-3779.56;538484
64;1116.4;654.629;546442
65;1116.4;-1492.24;557052
66;1116.4;-4074.59;566336
67;1116.4;-3252.75;572968
68;1116.4;-2982.49;582252
69;1116.4;-2036.97;588884
70;1116.4;144.481;598168
71;1116.4;50.2586;610104
72;1116.4;-5046.09;616736
73;1116.4;-3079.16;626020
74;1116.4;-3081.76;632652
75;1116.4;-2316.09;640610
76;1116.4;-4418.01;649894
77;1116.4;-2281.91;661830
78;1116.4;-11674.7;671114
79;1116.4;-3562.52;677746
80;1116.4;-2185.84;685704
81;1116.4;-3778.95;698966
82;1116.4;-3282.89;705598
83;1116.4;-1991.87;716208
84;1116.4;-6747.77;724166
85;1116.4;-2704.29;733450
86;1116.4;-54.9117;741408
87;1116.4;-6142.44;750692
88;1116.4;-2389.76;759976
89;1116.4;-2801.43;767934
90;1116.4;-5398.86;774566
91;1116.4;-2713.93;783850
92;1116.4;-4345.78;789156
93;1116.4;-640.518;797114
94;1116.4;-788.53;805072
95;1116.4;600.561;813030
96;1116.4;-4799.33;819662
97;1116.4;-1101.21;828946
98;1116.4;-734.478;835578
99;1116.4;-3644.86;844862
100;1116.4;665.492;852820
101;1116.4;-3579.03;860778
102;1116.4;-2685.92;870062
103;1116.4;-3270.38;879346
104;1116.4;-796.46;887304
105;1116.4;-2233.04;895262
106;1116.4;-4873.35;904546
107;1116.4;-4364.05;909852
108;1116.4;-1465.19;919136
109;1116.4;-5229.43;924442
110;1116.4;-4097.93;929748
111;1116.4;-5079.02;935054
112;1116.4;-321.726;941686
113;1116.4;-4286.58;948318
114;1116.4;-3285.49;957602
115;1116.4;-3786.98;966886
116;1116.4;-3348.61;974844
117;1116.4;-1764.91;982802
118;1116.4;-5761.88;994738
119;1116.4;-483.278;1.00535e+06
120;1116.4;-1235.06;1.01331e+06
121;1116.4;-3910.36;1.02126e+06
122;1116.4;-2336.69;1.02922e+06
123;1116.4;-6905.87;1.04116e+06
124;1116.4;-1365.24;1.04912e+06
125;1116.4;-2733.42;1.0584e+06
126;1116.4;-5905.2;1.07034e+06
127;1116.4;-5457.63;1.07962e+06
128;1116.4;-4641.5;1.08493e+06
129;1116.4;-3069.95;1.09554e+06
130;1116.4;1065.14;1.10615e+06
131;1116.4;-6247.88;1.11676e+06
132;1116.4;-3164.86;1.12604e+06
133;1116.4;-3157.85;1.134e+06
134;1116.4;-3939.04;1.14196e+06
135;1116.4;-3798.22;1.14859e+06
136;1116.4;-2697.51;1.15522e+06
137;1116.4;241.618;1.16583e+06
138;1116.4;-3295.58;1.17379e+06
139;1116.4;-2474.79;1.18042e+06
140;1116.4;-79.5345;1.18705e+06
141;1116.4;-2189.04;1.19501e+06
142;1116.4;-4499.43;1.21092e+06
143;1116.4;-5762.41;1.21623e+06
144;1116.4;-1385.8;1.22684e+06
145;1116.4;-790.798;1.23612e+06
146;1116.4;-1974.68;1.24276e+06
147;1116.4;-2476.04;1.25602e+06
148;1116.4;-1780.31;1.26265e+06
149;1116.4;-2006.01;1.27061e+06
150;1116.4;-1632.97;1.27989e+06
151;1116.4;572.249;1.28918e+06
152;1116.4;218.45;1.29979e+06
153;1116.4;-1070.77;1.30774e+06
154;1116.4;-1633.76;1.3157e+06
155;1116.4;-6656.34;1.32366e+06
156;1116.4;-1673.05;1.33162e+06
157;1116.4;-2285.58;1.34223e+06
158;1116.4;54.0413;1.35019e+06
159;1116.4;-507.333;1.35814e+06
160;1116.4;-3198.44;1.36743e+06
161;1116.4;-3786.94;1.37406e+06
162;1116.4;-4420.07;1.38202e+06
163;1116.4;-2274.25;1.38865e+06
164;1116.4;-4368.81;1.39926e+06
165;1116.4;-748.785;1.40722e+06
166;1116.4;-7460.23;1.41783e+06
167;1116.4;-5650.49;1.42579e+06
168;1116.4;-535.293;1.43242e+06
169;1116.4;-1252.91;1.44038e+06
170;1116.4;-4008.24;1.44833e+06
171;1116.4;-3566.82;1.4616e+06
172;1116.4;-2274.81;1.46823e+06
173;1116.4;-2049.19;1.47486e+06
174;1116.4;-3421.35;1.48282e+06
175;1116.4;-930.029;1.4921e+06
176;1116.4;-846.744;1.50006e+06
177;1116.4;-200.984;1.50934e+06
178;1116.4;-794.749;1.52261e+06
179;1116.4;-3841.16;1.52924e+06
180;1116.4;517.277;1.53852e+06
181;1116.4;-1773.56;1.54913e+06
182;1116.4;-3996.23;1.55709e+06
183;1116.4;-85.5138;1.5677e+06
184;1116.4;-1746.56;1.57831e+06
185;1116.4;-4040.1;1.58759e+06
186;1116.4;705.751;1.59953e+06
187;1116.4;-3904.53;1.60749e+06
188;1116.4;-1512.15;1.61412e+06
189;1116.4;-1325.37;1.62075e+06
190;1116.4;-2167.7;1.63136e+06
191;1116.4;469.924;1.64197e+06
192;1116.4;-3474.83;1.6486e+06
193;1116.4;-1518.14;1.65524e+06
194;1116.4;-3419.84;1.66319e+06
195;1116.4;-1574.58;1.67248e+06
196;1116.4;-1840.51;1.68176e+06
197;1116.4;-4816.03;1.69105e+06
198;1116.4;-1343.15;1.699e+06
199;1116.4;-1836;1.70431e+06
200;1116.4;-2364.01;1.71227e+06
201;1116.4;-4436.74;1.72023e+06
202;1116.4;-2459.05;1.72951e+06
203;1116.4;-3008.63;1.74012e+06
204;1116.4;-1899.39;1.7494e+06
205;1116.4;-4220.39;1.75604e+06
206;1116.4;-4148.49;1.76134e+06
207;1116.4;-2989.89;1.77063e+06
208;1116.4;-2271.24;1.77858e+06
209;1116.4;-2280.31;1.78919e+06
210;1116.4;576.534;1.79715e+06
211;1116.4;-51.8313;1.80909e+06
212;1116.4;-1156.29;1.81572e+06
213;1116.4;-4441.23;1.82235e+06
214;1116.4;-161.919;1.83164e+06
215;1116.4;-2383.06;1.83959e+06
216;1116.4;-3990.87;1.84755e+06
217;1116.4;-1077.04;1.85816e+06
218;1116.4;-640.454;1.86612e+06
219;1116.4;-4150.08;1.87275e+06
220;1116.4;-69.3107;1.88071e+06
221;1116.4;-5159.47;1.88734e+06
222;1116.4;-6428;1.8953e+06
223;1116.4;-5174.78;1.90193e+06
224;1116.4;-3571.13;1.91254e+06
225;1116.4;326.412;1.92183e+06
226;1116.4;-5570.02;1.92846e+06
227;1116.4;-5269.21;1.93642e+06
228;1116.4;-2394.95;1.9457e+06
229;1116.4;-734.19;1.95233e+06
230;1116.4;-2868.6;1.96029e+06
231;1116.4;-3412.62;1.96825e+06
232;1116.4;-3438.3;1.97621e+06
233;1116.4;-4044.84;1.98284e+06
234;1116.4;-3721.16;1.99212e+06
235;1116.4;-887.16;1.99875e+06
236;1116.4;300.129;2.00936e+06
237;1116.4;-117.832;2.016e+06
238;1116.4;-2283.73;2.0213e+06
239;1116.4;-5387.66;2.03191e+06
240;1116.4;-3378.05;2.0412e+06
241;1116.4;-2793.8;2.05313e+06
242;1116.4;-3507.5;2.06242e+06
243;1116.4;-2634.56;2.07037e+06
244;1116.4;-2580.38;2.07833e+06
245;1116.4;-2531.84;2.08762e+06
246;1116.4;-2948.91;2.09955e+06
247;1116.4;-4359.67;2.10884e+06
248;1116.4;-7186.46;2.11679e+06
249;1116.4;-5069.6;2.12475e+06
250;1116.4;-4473.37;2.13404e+06
251;1116.4;-336.063;2.14465e+06
252;1116.4;-3821.02;2.15128e+06
253;1116.4;-2827.4;2.15791e+06
254;1116.4;-1334.37;2.17117e+06
255;1116.4;-6122.43;2.18046e+06
256;1116.4;-1248.88;2.18841e+06
257;1116.4;-2119.78;2.19372e+06
258;1116.4;-4384.37;2.20168e+06
259;1116.4;433.736;2.21229e+06
260;1116.4;-3183.46;2.21892e+06
261;1116.4;-690.287;2.22688e+06
262;1116.4;-2592.33;2.23749e+06
263;1116.4;782.063;2.24677e+06
264;1116.4;-8152.19;2.2534e+06
265;1116.4;-3438.15;2.26136e+06
266;1116.4;-1552.89;2.26932e+06
267;1116.4;-4105.15;2.27595e+06
268;1116.4;-380.996;2.28524e+06
269;1116.4;-5415.64;2.29319e+06
270;1116.4;-1920.37;2.29983e+06
271;1116.4;-8556.43;2.30646e+06
272;1116.4;328.185;2.31309e+06
273;1116.4;-4050.83;2.32105e+06
274;1116.4;-2130.66;2.33033e+06
275;1116.4;-3969.84;2.33962e+06
276;1116.4;-2300.78;2.34625e+06
277;1116.4;-4786.37;2.35288e+06
278;1116.4;-3172.19;2.35951e+06
279;1116.4;-2597.54;2.3688e+06
280;1116.4;308.172;2.37808e+06
281;1116.4;-25.2731;2.38471e+06
282;1116.4;-3385.57;2.39134e+06
283;1116.4;-6336.27;2.39665e+06
284;1116.4;-3152.84;2.40593e+06
285;1116.4;-3651.47;2.41522e+06
286;1116.4;-2423.92;2.4245e+06
287;1116.4;764.46;2.43246e+06
288;1116.4;-766.258;2.44042e+06
289;1116.4;-1949.81;2.44838e+06
290;1116.4;-765.942;2.45766e+06
291;1116.4;-53.7004;2.46429e+06
292;1116.4;-3198.47;2.47225e+06
293;1116.4;-222.536;2.47888e+06
294;1116.4;-2524.39;2.48817e+06
295;1116.4;-3141.73;2.50275e+06
296;1116.4;-2785.19;2.50939e+06
297;1116.4;-2208.78;2.52e+06
298;1116.4;-747.904;2.52795e+06
299;1116.4;-103.461;2.53724e+06
300;1116.4;38.5599;2.54387e+06
301;1116.4;-1218.28;2.5505e+06
302;1116.4;-160.702;2.55846e+06
303;1116.4;-2078.21;2.56642e+06
304;1116.4;-284.446;2.57438e+06
305;1116.4;-3364.46;2.58366e+06
306;1116.4;-1133.12;2.59162e+06
307;1116.4;-4295.45;2.59825e+06
308;1116.4;-3015.84;2.60621e+06
309;1116.4;-2630.1;2.61417e+06
310;1116.4;-226.121;2.62345e+06
311;1116.4;-682.463;2.63008e+06
312;1116.4;-2767.61;2.63804e+06
313;1116.4;-1972.06;2.64865e+06
314;1116.4;-2315.32;2.65661e+06
315;1116.4;84.3293;2.66589e+06
316;1116.4;-897.804;2.67252e+06
317;1116.4;-4435.53;2.68048e+06
318;1116.4;-1394.07;2.69109e+06
319;1116.4;-4207.77;2.69772e+06
320;1116.4;-1976.9;2.70701e+06
321;1116.4;-3053.23;2.71364e+06
322;1116.4;-3771.62;2.72027e+06
323;1116.4;-6441.93;2.7269e+06
324;1116.4;262.988;2.73486e+06
325;1116.4;-2377.4;2.74149e+06
326;1116.4;-2277.92;2.74813e+06
327;1116.4;598.627;2.75874e+06
328;1116.4;-3617.44;2.76669e+06
329;1116.4;-4011.34;2.77333e+06
330;1116.4;-1090.1;2.77996e+06
331;1116.4;-923.908;2.78792e+06
332;1116.4;-1415.77;2.79587e+06
333;1116.4;-2403.25;2.80383e+06
334;1116.4;258.179;2.81179e+06
335;1116.4;-3109.86;2.81975e+06
336;1116.4;-1271.07;2.82771e+06
337;1116.4;-3292.85;2.83699e+06
338;1116.4;-4534.15;2.84627e+06
339;1116.4;-2293.85;2.85954e+06
340;1116.4;-448.531;2.86749e+06
341;1116.4;-1478.04;2.87678e+06
342;1116.4;-1723.87;2.88871e+06
343;1116.4;-1422.26;2.89402e+06
344;1116.4;-1231.66;2.89933e+06
345;1116.4;-2895.71;2.90861e+06
346;1116.4;-3788.54;2.91789e+06
347;1116.4;8.59683;2.92453e+06
348;1116.4;-2476.93;2.93248e+06
349;1116.4;-5541.69;2.94044e+06
350;1116.4;-3399.31;2.94973e+06
351;1116.4;-1388.41;2.96034e+06
352;1116.4;-1512.85;2.96697e+06
353;1116.4;-2114.1;2.97493e+06
354;1116.4;-4191.67;2.98288e+06
355;1116.4;-755.818;2.99084e+06
356;1116.4;-2075.48;3.00013e+06
357;1116.4;-1205.9;3.00808e+06
358;1116.4;257.846;3.01604e+06
359;1116.4;-5342.69;3.02267e+06
360;1116.4;-844.163;3.03063e+06
361;1116.4;-574.265;3.03992e+06
362;1116.4;-3452.05;3.04655e+06
363;1116.4;-431.231;3.05848e+06
364;1116.4;-2511.12;3.06379e+06
365;1116.4;-4887.43;3.07042e+06
366;1116.4;-4884.75;3.07705e+06
367;1116.4;-3854.55;3.08766e+06
368;1116.4;-147.261;3.09827e+06
369;1116.4;-1195.26;3.10491e+06
370;1116.4;-1369.45;3.11021e+06
371;1116.4;-5240.09;3.1195e+06
372;1116.4;-3267.77;3.12745e+06
373;1116.4;-1755.23;3.13674e+06
374;1116.4;-4293.06;3.14337e+06
375;1116.4;-5148.81;3.15133e+06
376;1116.4;-3625.5;3.15929e+06
377;1116.4;-1330.35;3.16592e+06
378;1116.4;-4725.7;3.17388e+06
379;1116.4;-2693.9;3.18051e+06
380;1116.4;-3944.84;3.18847e+06
381;1116.4;-3075.89;3.19642e+06
382;1116.4;-3182.69;3.20306e+06
383;1116.4;-503.46;3.21101e+06
384;1116.4;500.365;3.21897e+06
385;1116.4;-3789.91;3.22428e+06
386;1116.4;-4082.65;3.23091e+06
387;1116.4;-2285.79;3.24152e+06
388;1116.4;-650.366;3.2508e+06
389;1116.4;-8878.28;3.25744e+06
390;1116.4;-1525.12;3.26672e+06
391;1116.4;-485.778;3.27468e+06
392;1116.4;-1437.73;3.28264e+06
393;1116.4;-2169.43;3.29059e+06
394;1116.4;-90.0199;3.29855e+06
395;1116.4;-778.606;3.30518e+06
396;1116.4;-4865.16;3.31314e+06
397;1116.4;-444.834;3.31977e+06
398;1116.4;-1993.42;3.32773e+06
399;1116.4;-544.603;3.33436e+06
400;1116.4;112.819;3.341e+06
401;1116.4;-3251.77;3.35293e+06
402;1116.4;-1908.85;3.35956e+06
403;1116.4;-5876.04;3.3662e+06
404;1116.4;-5441;3.37681e+06
405;1116.4;-1578.71;3.38344e+06
406;1116.4;-1118.26;3.39537e+06
407;1116.4;-2509.99;3.40201e+06
408;1116.4;-1688.23;3.41129e+06
409;1116.4;-1891.54;3.4166e+06
410;1116.4;-1446.5;3.42588e+06
411;1116.4;-1063.77;3.43516e+06
412;1116.4;-3116.54;3.44445e+06
413;1116.4;-2316.32;3.45108e+06
414;1116.4;-4413.56;3.45904e+06
415;1116.4;-575.209;3.46567e+06
416;1116.4;-1444.92;3.47363e+06
417;1116.4;-275.706;3.48159e+06
418;1116.4;-1295.37;3.48954e+06
419;1116.4;-2152.64;3.49618e+06
420;1116.4;-3967.24;3.50546e+06
421;1116.4;-461.624;3.51209e+06
422;1116.4;266.761;3.52005e+06
423;1116.4;-1606.32;3.53199e+06
424;1116.4;-4402.11;3.54127e+06
425;1116.4;-3637.38;3.55188e+06
426;1116.4;-4182.14;3.56249e+06
427;1116.4;-3144.74;3.57443e+06
428;1116.4;-4052.21;3.58106e+06
429;1116.4;-4603.63;3.58769e+06
430;1116.4;-359.453;3.59565e+06
431;1116.4;482.888;3.60626e+06
432;1116.4;-977.421;3.61422e+06
433;1116.4;1029.62;3.62217e+06
434;1116.4;-3109.58;3.63013e+06
435;1116.4;-4538.67;3.63809e+06
436;1116.4;-4449.17;3.64737e+06
437;1116.4;-4703.34;3.65268e+06
438;1116.4;-182.124;3.65931e+06
439;1116.4;-2022.66;3.66594e+06
440;1116.4;-839.971;3.67655e+06
441;1116.4;-2503.38;3.68451e+06
442;1116.4;-894.24;3.69247e+06
443;1116.4;-4064.52;3.70043e+06
444;1116.4;-7599.36;3.70706e+06
445;1116.4;-1308.53;3.71369e+06
446;1116.4;-4868.31;3.72563e+06
447;1116.4;-1966.86;3.73359e+06
448;1116.4;-1320.88;3.74154e+06
449;1116.4;-2237.39;3.74818e+06
450;1116.4;-1115.14;3.75613e+06
451;1116.4;-3592.98;3.76277e+06
452;1116.4;-607.008;3.77603e+06
453;1116.4;-4966.29;3.78266e+06
454;1116.4;-780.721;3.79062e+06
455;1116.4;-3700.64;3.7999e+06
456;1116.4;-8792.95;3.80786e+06
457;1116.4;-163.412;3.81714e+06
458;1116.4;-7715.71;3.82908e+06
459;1116.4;-4845.32;3.83704e+06
460;1116.4;122.539;3.845e+06
461;1116.4;-1836.43;3.85163e+06
462;1116.4;-7203.84;3.86224e+06
463;1116.4;-3984.84;3.8702e+06
464;1116.4;-1491.95;3.87948e+06
465;1116.4;-1755.16;3.88479e+06
466;1116.4;-1555.29;3.8954e+06
467;1116.4;-1406;3.90203e+06
468;1116.4;-767.072;3.90866e+06
469;1116.4;136.038;3.91529e+06
470;1116.4;-1824.17;3.92192e+06
471;1116.4;-1778.65;3.92988e+06
472;1116.4;-3155.23;3.93917e+06
473;1116.4;-1492.95;3.94978e+06
474;1116.4;-4273.99;3.95773e+06
475;1116.4;-1413.41;3.96569e+06
476;1116.4;-3713.28;3.97498e+06
477;1116.4;-1436.75;3.98161e+06
478;1116.4;-385.935;3.99222e+06
479;1116.4;-2235.75;4.00018e+06
480;1116.4;175.295;4.00813e+06
481;1116.4;-4150.18;4.01477e+06
482;1116.4;-2135.97;4.0214e+06
483;1116.4;-1824.95;4.03068e+06
484;1116.4;-3321;4.03599e+06
485;1116.4;-823.739;4.0466e+06
486;1116.4;-5541.6;4.05853e+06
487;1116.4;-1412.5;4.06517e+06
488;1116.4;-1367.13;4.07445e+06
489;1116.4;-2832.98;4.08506e+06
490;1116.4;-1856.74;4.09567e+06
491;1116.4;-752.609;4.10628e+06
492;1116.4;-1433.09;4.11291e+06
493;1116.4;-861.89;4.12087e+06
494;1116.4;-3109.86;4.12883e+06
495;1116.4;-3251.13;4.13944e+06
496;1116.4;-3407.43;4.1474e+06
497;1116.4;-5308.01;4.15403e+06
498;1116.4;-4648.42;4.16331e+06
499;1116.4;-1235.51;4.17392e+06
500;1116.4;-2241.16;4.18188e+06
501;1116.4;-6814.28;4.19249e+06
502;1116.4;-430.888;4.20177e+06
503;1116.4;-3957.63;4.20841e+06
504;1116.4;-3937.57;4.21504e+06
505;1116.4;-420.207;4.22167e+06
506;1116.4;-2286.99;4.23095e+06
507;1116.4;-1586.56;4.23759e+06
508;1116.4;-373.458;4.24289e+06
509;1116.4;-2959.98;4.2482e+06
510;1116.4;-439.738;4.25483e+06
511;1116.4;-4230.4;4.26411e+06
512;1116.4;-6311.57;4.26942e+06
513;1116.4;-3647.54;4.27605e+06
514;1116.4;-7466.04;4.28534e+06
515;1116.4;-3304.59;4.29462e+06
516;1116.4;-2810.65;4.30258e+06
517;1116.4;15.749;4.30921e+06
518;1116.4;-408.024;4.31717e+06
519;1116.4;-4320.93;4.32513e+06
520;1116.4;-2294.95;4.33176e+06
521;1116.4;-3198.58;4.33839e+06
522;1116.4;-80.2375;4.34635e+06
523;1116.4;-1477.33;4.35298e+06
524;1116.4;-5199.37;4.36226e+06
525;1116.4;-2102.01;4.37022e+06
526;1116.4;-5430.75;4.37685e+06
527;1116.4;-1938.78;4.38614e+06
528;1116.4;-8043.04;4.3941e+06
529;1116.4;-3186.35;4.40073e+06
530;1116.4;-1525.86;4.40869e+06
531;1116.4;-3290.88;4.41532e+06
532;1116.4;-3753.92;4.42593e+06
533;1116.4;-2980.46;4.43389e+06
534;1116.4;544.58;4.4445e+06
535;1116.4;-2036.04;4.45113e+06
536;1116.4;-3170.02;4.46306e+06
537;1116.4;-3961.36;4.47102e+06
538;1116.4;-5117.96;4.48163e+06
539;1116.4;-3360.07;4.48826e+06
540;1116.4;-1670.07;4.49622e+06
541;1116.4;-2813.97;4.50551e+06
542;1116.4;-3366.59;4.51612e+06
543;1116.4;-3101.48;4.5254e+06
544;1116.4;311.756;4.53203e+06
545;1116.4;-2719.17;4.53999e+06
546;1116.4;-557.209;4.54927e+06
547;1116.4;-4595.99;4.55856e+06
548;1116.4;-1778.27;4.56917e+06
549;1116.4;-5323.24;4.57845e+06
550;1116.4;-2855.1;4.58508e+06
551;1116.4;-2301.48;4.59172e+06
552;1116.4;-988.185;4.601e+06
553;1116.4;-1013.98;4.60896e+06
554;1116.4;-1696.7;4.61692e+06
555;1116.4;-2296.93;4.62355e+06
556;1116.4;-4549.92;4.63018e+06
557;1116.4;489.804;4.63681e+06
558;1116.4;-3317.74;4.6514e+06
559;1116.4;-3906.33;4.66068e+06
560;1116.4;652.465;4.66997e+06
561;1116.4;-2785.25;4.6819e+06
562;1116.4;-3852.74;4.69119e+06
563;1116.4;-118.496;4.7018e+06
564;1116.4;-3002.5;4.70976e+06
565;1116.4;303.613;4.71904e+06
566;1116.4;-1181.13;4.72567e+06
567;1116.4;-2202.65;4.7323e+06
568;1116.4;-1470.71;4.73761e+06
569;1132.22;1132.22;4.74689e+06
570;1132.22;-3704.59;4.75485e+06
571;1132.22;-2228.05;4.76414e+06
572;1132.22;-1615.29;4.77209e+06
573;1132.22;-3295.07;4.77873e+06
574;1132.22;-558.152;4.78934e+06
575;1132.22;624.749;4.79862e+06
576;1132.22;-439.215;4.80525e+06
577;1132.22;-5623.66;4.81586e+06
578;1132.22;-3966.04;4.82515e+06
579;1132.22;-714.105;4.83178e+06
580;1132.22;-4723.71;4.83841e+06
581;1132.22;-1189.39;4.85035e+06
582;1132.22;-3181.2;4.8583e+06
583;1132.22;-1623.76;4.86626e+06
584;1132.22;-1515.29;4.87289e+06
585;1132.22;-3564.89;4.87953e+06
586;1132.22;-473.622;4.88881e+06
587;1132.22;-2865.35;4.89544e+06
588;1132.22;-563.561;4.90207e+06
589;1132.22;192.383;4.91401e+06
590;1132.22;-5066.63;4.92329e+06
591;1132.22;-2908.4;4.9286e+06
592;1132.22;-1258.89;4.93656e+06
593;1132.22;764.592;4.94849e+06
594;1132.22;-2340.15;4.95513e+06
595;1132.22;-4965.41;4.96441e+06
596;1132.22;-3833.46;4.97502e+06
597;1132.22;-4885.23;4.9843e+06
598;1132.22;-9819.89;4.99094e+06
599;1132.22;-3706.64;5.00022e+06
600;1132.22;-1740.28;5.00685e+06
601;1132.22;528.303;5.01348e+06
602;1132.22;-1850.54;5.02012e+06
603;1132.22;-6838.68;5.03073e+06
604;1132.22;-3077.62;5.03868e+06
605;1132.22;-3172.8;5.04797e+06
606;1132.22;-1184.38;5.05327e+06
607;1132.22;-4411.08;5.06256e+06
608;1132.22;-2603.75;5.07184e+06
609;1132.22;-3959.84;5.08113e+06
610;1132.22;-4792.2;5.08908e+06
611;1132.22;-2762.71;5.09704e+06
612;1132.22;-5726.39;5.105e+06
613;1132.22;-677.879;5.11296e+06
614;1132.22;-2673.06;5.12092e+06
615;1132.22;1000.38;5.12887e+06
616;1132.22;-3878.98;5.13816e+06
617;1132.22;-4590.67;5.14744e+06
618;1132.22;-3248.41;5.15275e+06
619;1132.22;-1105.98;5.16734e+06
620;1132.22;-701.965;5.17795e+06
621;1132.22;-1589.18;5.18723e+06
622;1132.22;-2074.04;5.19651e+06
623;1132.22;-3308.27;5.20447e+06
624;1132.22;-1968.78;5.2111e+06
625;1132.22;-2292.75;5.22039e+06
626;1132.22;-4511.93;5.231e+06
627;1132.22;-1078.59;5.23896e+06
628;1132.22;644.284;5.24691e+06
629;1132.22;-7564.7;5.2562e+06
630;1132.22;-1594.46;5.26283e+06
631;1132.22;-1299.15;5.27079e+06
632;1132.22;-1705.99;5.28007e+06
633;1132.22;-3371.72;5.28803e+06
634;1132.22;-3854.28;5.29864e+06
635;1132.22;-3084.71;5.30792e+06
636;1132.22;-2005.57;5.31456e+06
637;1132.22;-1651.72;5.32119e+06
638;1132.22;-1145.42;5.32782e+06
639;1132.22;-2580.63;5.33843e+06
640;1132.22;-641.268;5.34771e+06
641;1132.22;-3476.79;5.35435e+06
642;1132.22;-1893.26;5.36098e+06
643;1132.22;1007.96;5.37026e+06
644;1132.22;-54.8343;5.37689e+06
645;1132.22;-1907.46;5.38353e+06
646;1132.22;-592.762;5.39016e+06
647;1132.22;-2757.12;5.39944e+06
648;1132.22;-2401.97;5.40873e+06
649;1132.22;-3388.16;5.41668e+06
650;1132.22;-2077.67;5.42464e+06
651;1132.22;-625.957;5.43127e+06
652;1132.22;-2411.6;5.44188e+06
653;1132.22;-2992.6;5.44984e+06
654;1132.22;-3794.87;5.45515e+06
655;1132.22;-1330.13;5.46178e+06
656;1132.22;-5.11857;5.46974e+06
657;1132.22;-764.62;5.4777e+06
658;1132.22;-8039;5.48698e+06
659;1132.22;-2626.03;5.49759e+06
660;1132.22;-2169.08;5.50422e+06
661;1132.22;-2789.85;5.51748e+06
662;1132.22;-1591.53;5.52279e+06
663;1132.22;-5670.06;5.5334e+06
664;1132.22;-3641.86;5.54003e+06
665;1132.22;-288.474;5.54932e+06
666;1132.22;-1085.05;5.5639e+06
667;1132.22;-3398.65;5.57186e+06
668;1132.22;100.233;5.58115e+06
669;1132.22;-3551.08;5.58778e+06
670;1132.22;-3452.66;5.59706e+06
671;1132.22;-2249.74;5.60502e+06
672;1132.22;-2202.18;5.61165e+06
673;1132.22;-3966.09;5.61961e+06
674;1132.22;-1950.13;5.62624e+06
675;1132.22;-2439.62;5.63287e+06
676;1132.22;1083.6;5.64879e+06
677;1132.22;-980.776;5.65409e+06
678;1132.22;-1256.44;5.66603e+06
679;1132.22;-2721.59;5.67531e+06
680;1132.22;-1850.85;5.68327e+06
681;1132.22;-4866.85;5.68858e+06
682;1132.22;275.988;5.69521e+06
683;1132.22;-116.42;5.70715e+06
684;1132.22;-1411.4;5.71378e+06
685;1132.22;-3876.4;5.72439e+06
686;1132.22;-5513.27;5.72969e+06
687;1132.22;503.971;5.73765e+06
688;1132.22;-63.2007;5.74428e+06
689;1132.22;-3281.17;5.74959e+06
690;1132.22;-859.146;5.75622e+06
691;1132.22;-2753.15;5.76551e+06
692;1132.22;-437.348;5.77346e+06
693;1132.22;-3142.19;5.78275e+06
694;1132.22;-2698.59;5.78938e+06
695;1132.22;-874.996;5.80264e+06
696;1132.22;403.9;5.8106e+06
697;1132.22;-917.776;5.81723e+06
698;1132.22;-393.546;5.82386e+06
699;1132.22;-81.2087;5.8358e+06
700;1132.22;-5553.1;5.84508e+06
701;1132.22;-5037.09;5.85172e+06
702;1132.22;-3358.63;5.85967e+06
703;1132.22;-1155.24;5.86763e+06
704;1132.22;-3125.58;5.87824e+06
705;1132.22;-15.991;5.88885e+06
706;1132.22;-703.153;5.89681e+06
707;1132.22;-1809.4;5.90477e+06
708;1132.22;-3580.14;5.9114e+06
709;1132.22;-1057.53;5.92201e+06
710;1132.22;-2194.67;5.92997e+06
711;1132.22;-7221.5;5.9366e+06
712;1132.22;-357.921;5.94588e+06
713;1132.22;237.996;5.95252e+06
714;1132.22;-1082.39;5.96976e+06
715;1132.22;-2017.42;5.97639e+06
716;1132.22;-1809.21;5.98302e+06
717;1132.22;-4656.21;5.98965e+06
718;1132.22;-299.204;5.99628e+06
719;1132.22;-851.727;6.00292e+06
720;1132.22;-1352.46;6.0122e+06
721;1132.22;-1702.18;6.02016e+06
722;1132.22;-4435.6;6.02944e+06
723;1132.22;-4639.61;6.0374e+06
724;1132.22;-2268.24;6.04934e+06
725;1132.22;-5562.32;6.05597e+06
726;1132.22;-1898.11;6.06393e+06
727;1132.22;-4647.54;6.07056e+06
728;1132.22;18.2622;6.08117e+06
729;1472.76;1472.76;6.09443e+06
730;1472.76;-3569.75;6.10106e+06
731;1472.76;-5297.82;6.11432e+06
732;1472.76;-1354.44;6.12228e+06
733;1472.76;-1949.35;6.12891e+06
734;1472.76;-3917.96;6.13687e+06
735;1472.76;-1719.25;6.14881e+06
736;1472.76;-1656.03;6.15544e+06
737;1472.76;-67.5075;6.16605e+06
738;1472.76;-3421.46;6.17401e+06
739;1472.76;-3086.57;6.18197e+06
740;1472.76;-4996.98;6.19258e+06
741;1472.76;-4924.42;6.19921e+06
742;1472.76;-6613.69;6.20584e+06
743;1472.76;203.973;6.21645e+06
744;1472.76;-6337.6;6.22441e+06
745;1472.76;-4060.58;6.23104e+06
746;1472.76;-3231.41;6.23767e+06
747;1472.76;-2645.76;6.24696e+06
748;1472.76;-1826.81;6.25491e+06
749;1472.76;-3817.13;6.26155e+06
750;1472.76;-1591.17;6.27083e+06
751;1472.76;-1285.65;6.27879e+06
752;1472.76;-2556.9;6.28542e+06
753;1472.76;-2375.94;6.29338e+06
754;1472.76;-1824.54;6.30531e+06
755;1472.76;-2859.01;6.31327e+06
756;1472.76;-676.43;6.32256e+06
757;1472.76;-3095.71;6.33051e+06
758;1472.76;-1570.97;6.33847e+06
759;1472.76;-3570.43;6.34378e+06
760;1472.76;-4242.66;6.35174e+06
761;1472.76;-5054.74;6.36235e+06
762;1472.76;-4951.9;6.37428e+06
763;1472.76;-4728.11;6.38224e+06
764;1472.76;-1487.14;6.38887e+06
765;1472.76;-5373.73;6.3955e+06
766;1472.76;-1529.05;6.40479e+06
767;1472.76;-3501.72;6.4154e+06
768;1472.76;-4542.06;6.42601e+06
769;1472.76;-1926.36;6.43397e+06
770;1472.76;-3224.41;6.44192e+06
771;1472.76;-4129.56;6.44723e+06
772;1472.76;-433.057;6.4658e+06
773;1472.76;28.6223;6.47375e+06
774;1472.76;-5282.47;6.48304e+06
775;1472.76;-2621.27;6.49232e+06
776;1472.76;-661.328;6.50161e+06
777;1472.76;49.8085;6.51089e+06
778;1472.76;-1208.66;6.5268e+06
779;1472.76;-73.3178;6.53211e+06
780;1472.76;-2388.68;6.54537e+06
781;1472.76;-1209.61;6.552e+06
782;1472.76;-4916.94;6.55731e+06
783;1472.76;-6544.89;6.56527e+06
784;1472.76;-3237.95;6.5772e+06
785;1472.76;-2463.49;6.58384e+06
786;1472.76;-633.345;6.59179e+06
787;1472.76;-3506.83;6.59843e+06
788;1472.76;-3262.64;6.60506e+06
789;1472.76;-1985.3;6.61169e+06
790;1472.76;-3247.04;6.61832e+06
791;1472.76;-2126.57;6.62761e+06
792;1472.76;-1355.41;6.63954e+06
793;1472.76;-1503.61;6.6475e+06
794;1472.76;-2971.39;6.65546e+06
795;1472.76;-7087.15;6.66342e+06
796;1472.76;-1417.88;6.6727e+06
797;1472.76;-466.8;6.68198e+06
798;1472.76;-2437.96;6.68994e+06
799;1472.76;610.36;6.6979e+06
800;1472.76;-4237.69;6.70586e+06
801;1472.76;-5205.71;6.71382e+06
802;1472.76;-5789.48;6.72177e+06
803;1472.76;-1397.67;6.72708e+06
804;1472.76;981.951;6.73902e+06
805;1472.76;-1407.94;6.74697e+06
806;1472.76;-662.483;6.75493e+06
807;1472.76;-816.641;6.76289e+06
808;1472.76;-40.9331;6.77085e+06
809;1472.76;1391.12;6.77881e+06
810;1472.76;-3057.31;6.79074e+06
811;1472.76;-5620.12;6.79737e+06
812;1472.76;-966.042;6.80666e+06
813;1472.76;-4063.8;6.81196e+06
814;1472.76;-1034.72;6.8186e+06
815;1472.76;-1741.57;6.83318e+06
816;1472.76;-1526.73;6.84512e+06
817;1472.76;-2656.46;6.85175e+06
818;1472.76;-1752.99;6.85971e+06
819;1472.76;-2848.84;6.86899e+06
820;1472.76;-1384;6.87695e+06
821;1472.76;-2169.11;6.88358e+06
822;1472.76;930.016;6.89022e+06
823;1472.76;-12.8745;6.89817e+06
824;1472.76;-4553.4;6.90481e+06
825;1472.76;-813.301;6.91144e+06
826;1472.76;-1885.06;6.92205e+06
827;1472.76;-1543.43;6.93001e+06
828;1472.76;-2628.14;6.93664e+06
829;1472.76;-1232.26;6.94194e+06
830;1472.76;-1908.01;6.9499e+06
831;1472.76;-1179.16;6.95521e+06
832;1472.76;-5729.47;6.96051e+06
833;1472.76;-2717.81;6.96847e+06
834;1472.76;-1434.35;6.97908e+06
835;1472.76;-4818.45;6.98969e+06
836;1472.76;-1399.65;6.99765e+06
837;1472.76;-694.242;7.00826e+06
838;1472.76;-678.259;7.01622e+06
839;1472.76;-2411.24;7.02418e+06
840;1472.76;-147.526;7.03479e+06
841;1472.76;-3309.23;7.04142e+06
842;1472.76;-3957.76;7.04805e+06
843;1472.76;1.72399;7.05468e+06
844;1472.76;-3043.45;7.05999e+06
845;1472.76;-6249.74;7.06795e+06
846;1472.76;-5078.95;7.07458e+06
847;1472.76;-3266.46;7.08386e+06
848;1472.76;-1807.58;7.09447e+06
849;1472.76;-6257.36;7.10243e+06
850;1472.76;-3017.67;7.10906e+06
851;1472.76;-7552.9;7.11702e+06
852;1472.76;-1012.02;7.12365e+06
853;1472.76;-4769.81;7.13161e+06
854;1472.76;-1083.14;7.13957e+06
855;1472.76;-1765.22;7.1462e+06
856;1472.76;-2600.18;7.15283e+06
857;1472.76;-1939.05;7.16212e+06
858;1472.76;-5989.46;7.16875e+06
859;1472.76;-773.2;7.17803e+06
860;1472.76;-384.456;7.18599e+06
861;1472.76;-1568.69;7.19262e+06
862;1472.76;-2308.89;7.20191e+06
863;1472.76;-2342.62;7.21252e+06
864;1472.76;-4776.84;7.22047e+06
865;1472.76;-5980.27;7.22711e+06
866;1472.76;-4979.76;7.23374e+06
867;1472.76;-4064.15;7.23904e+06
868;1472.76;-2642.54;7.24833e+06
869;1472.76;-1204.48;7.25629e+06
870;1472.76;-2136.67;7.26424e+06
871;1472.76;-460.974;7.27088e+06
872;1472.76;-6669.83;7.27618e+06
873;1472.76;-6455.24;7.28281e+06
874;1472.76;-2240.19;7.29475e+06
875;1472.76;-2173.74;7.30138e+06
876;1472.76;906.565;7.31199e+06
877;1472.76;-5138.58;7.31995e+06
878;1472.76;-1110.96;7.33321e+06
879;1472.76;-3770.87;7.34117e+06
880;1472.76;-1027.87;7.34913e+06
881;1472.76;-38.8612;7.35841e+06
882;1472.76;-1745.69;7.3677e+06
883;1472.76;-835.591;7.37433e+06
884;1472.76;-1412.89;7.38361e+06
885;1472.76;-295.981;7.3929e+06
886;1472.76;-312.101;7.40085e+06
887;1472.76;-3699.11;7.40616e+06
888;1472.76;-928.174;7.41412e+06
889;1472.76;-4783.71;7.42075e+06
890;1472.76;-1856.92;7.42871e+06
891;1472.76;-1102.05;7.43799e+06
892;1472.76;-8436.33;7.44728e+06
893;1472.76;-3410.64;7.45391e+06
894;1472.76;-8350.82;7.46054e+06
895;1472.76;-1251.33;7.46982e+06
896;1472.76;-2061.99;7.47778e+06
897;1472.76;-2147.79;7.48309e+06
898;1472.76;-2374.46;7.4937e+06
899;1472.76;-3004.89;7.50166e+06
900;1472.76;413.913;7.51094e+06
901;1472.76;491.661;7.52685e+06
902;1472.76;-922.275;7.53746e+06
903;1472.76;254.461;7.54675e+06
904;1472.76;424.317;7.55736e+06
905;1472.76;640.362;7.56532e+06
906;1472.76;-3610.47;7.57327e+06
907;1472.76;-2789.09;7.58256e+06
908;1472.76;69.328;7.59449e+06
909;1472.76;274.173;7.60245e+06
910;1472.76;-4815.87;7.60908e+06
911;1472.76;-2118.32;7.61572e+06
912;1472.76;-958.845;7.62235e+06
913;1472.76;-4823.07;7.62898e+06
914;1472.76;-2607.57;7.63694e+06
915;1472.76;-1583.13;7.64622e+06
916;1472.76;-3233.39;7.65285e+06
917;1472.76;-2138.48;7.65949e+06
918;1472.76;-7832.67;7.66744e+06
919;1472.76;-2309.55;7.67408e+06
920;1472.76;741.845;7.67938e+06
921;1472.76;-1969.47;7.68999e+06
922;1472.76;-1117.35;7.70193e+06
923;1472.76;-1643.81;7.70856e+06
924;1472.76;-2987.05;7.71784e+06
925;1472.76;-1846.08;7.72713e+06
926;1472.76;-4195.03;7.73243e+06
927;1472.76;-2836.94;7.74039e+06
928;1472.76;-2222.2;7.74702e+06
929;1472.76;-1723.92;7.75631e+06
930;1472.76;-5081.48;7.76294e+06
931;1472.76;-2664.43;7.76957e+06
932;1472.76;238.928;7.77753e+06
933;1472.76;-1254.61;7.78416e+06
934;1472.76;-4341.08;7.79345e+06
935;1472.76;-66.5486;7.8014e+06
936;1472.76;-4953.97;7.80804e+06
937;1472.76;-837.524;7.81467e+06
938;1472.76;-1958.18;7.82263e+06
939;1472.76;-729.115;7.83058e+06
940;1472.76;-2526.19;7.83722e+06
941;1472.76;-30.1866;7.84915e+06
942;1472.76;-848.07;7.85578e+06
943;1472.76;-1443.23;7.86242e+06
944;1472.76;-5749.98;7.87568e+06
945;1472.76;-2391.63;7.88496e+06
946;1472.76;-2624.2;7.89425e+06
947;1472.76;-258.083;7.90088e+06
948;1472.76;-3866.02;7.90618e+06
949;1472.76;-1299.47;7.91414e+06
950;1472.76;-3062.77;7.92077e+06
951;1472.76;-1100.19;7.93138e+06
952;1472.76;-1135.45;7.93934e+06
953;1472.76;-2452.12;7.94597e+06
954;1472.76;-4946.02;7.95791e+06
955;1472.76;-1661.77;7.96719e+06
956;1472.76;-4933.8;7.97383e+06
957;1472.76;-645.206;7.98576e+06
958;1472.76;-8398.14;7.99239e+06
959;1472.76;-4575.17;7.9977e+06
960;1472.76;-1767.69;8.00433e+06
961;1472.76;-2712.79;8.01096e+06
962;1472.76;-2683.94;8.02025e+06
963;1472.76;-551.844;8.02688e+06
964;1472.76;-71.3727;8.03484e+06
965;1472.76;-1829.53;8.0428e+06
966;1472.76;-5096;8.05075e+06
967;1472.76;-731.764;8.05739e+06
968;1472.76;-1401.33;8.06534e+06
969;1472.76;-3317.79;8.07463e+06
970;1472.76;-3427.13;8.08126e+06
971;1472.76;-1076.91;8.08789e+06
972;1472.76;-3494.61;8.09718e+06
973;1472.76;-1337.45;8.10911e+06
974;1472.76;-132.184;8.11574e+06
975;1472.76;390.193;8.12635e+06
976;1472.76;-4073.66;8.13299e+06
977;1472.76;-4585.78;8.14094e+06
978;1472.76;-2513.91;8.15023e+06
979;1472.76;-10372.7;8.15686e+06
980;1472.76;-5433.6;8.16614e+06
981;1472.76;660.431;8.17675e+06
982;1472.76;-546.104;8.18471e+06
983;1472.76;-3442.07;8.19267e+06
984;1472.76;-2246.64;8.1993e+06
985;1472.76;-2184.43;8.20991e+06
986;1472.76;-3109.9;8.21654e+06
987;1472.76;-4978.16;8.22583e+06
988;1472.76;-3351.42;8.23246e+06
989;1472.76;-1540.62;8.24174e+06
990;1472.76;-5229.89;8.2497e+06
991;1472.76;-1866.52;8.25633e+06
992;1472.76;-4242.03;8.26429e+06
993;1472.76;-414.05;8.27092e+06
994;1472.76;-4497.41;8.27888e+06
995;1472.76;-5345.6;8.28551e+06
996;1472.76;-1857.07;8.29347e+06
997;1472.76;-1351.84;8.30276e+06
998;1472.76;-1982.84;8.31071e+06
999;1472.76;438.043;8.32e+06
